{
    "accuracy": 0.8708487084870848,
    "macro_f1": 0.6810137445753885,
    "weighted_f1": 0.8696934177619614,
    "generated_at": "2026-05-27T07:11:18.139779",
    "class_labels": [
        "beige",
        "black",
        "gold",
        "green",
        "grey",
        "orange",
        "pink_rose",
        "red",
        "white"
    ],
    "per_class_metrics": {
        "beige": {
            "precision": 0.8148148148148148,
            "recall": 0.9565217391304348,
            "f1-score": 0.88,
            "support": 69.0
        },
        "black": {
            "precision": 0.8048780487804879,
            "recall": 1.0,
            "f1-score": 0.8918918918918919,
            "support": 33.0
        },
        "gold": {
            "precision": 0.6153846153846154,
            "recall": 0.7272727272727273,
            "f1-score": 0.6666666666666666,
            "support": 11.0
        },
        "green": {
            "precision": 0.8333333333333334,
            "recall": 1.0,
            "f1-score": 0.9090909090909091,
            "support": 10.0
        },
        "grey": {
            "precision": 0.9696969696969697,
            "recall": 0.8,
            "f1-score": 0.8767123287671232,
            "support": 120.0
        },
        "orange": {
            "precision": 0.0,
            "recall": 0.0,
            "f1-score": 0.0,
            "support": 1.0
        },
        "pink_rose": {
            "precision": 0.0,
            "recall": 0.0,
            "f1-score": 0.0,
            "support": 1.0
        },
        "red": {
            "precision": 1.0,
            "recall": 1.0,
            "f1-score": 1.0,
            "support": 4.0
        },
        "white": {
            "precision": 0.95,
            "recall": 0.8636363636363636,
            "f1-score": 0.9047619047619048,
            "support": 22.0
        }
    },
    "confusion_matrix": [
        [
            66,
            0,
            1,
            1,
            1,
            0,
            0,
            0,
            0
        ],
        [
            0,
            33,
            0,
            0,
            0,
            0,
            0,
            0,
            0
        ],
        [
            1,
            1,
            8,
            0,
            0,
            1,
            0,
            0,
            0
        ],
        [
            0,
            0,
            0,
            10,
            0,
            0,
            0,
            0,
            0
        ],
        [
            11,
            7,
            4,
            1,
            96,
            0,
            0,
            0,
            1
        ],
        [
            1,
            0,
            0,
            0,
            0,
            0,
            0,
            0,
            0
        ],
        [
            1,
            0,
            0,
            0,
            0,
            0,
            0,
            0,
            0
        ],
        [
            0,
            0,
            0,
            0,
            0,
            0,
            0,
            4,
            0
        ],
        [
            1,
            0,
            0,
            0,
            2,
            0,
            0,
            0,
            19
        ]
    ]
}